{
  "ASCII Ligatures" : true,
  "Working Directory" : "\/Users\/zak",
  "Prompt Before Closing 2" : false,
  "Selected Text Color" : {
    "Green Component" : 0.85756069421768188,
    "Blue Component" : 0.73303204774856567,
    "Red Component" : 0.87770605087280273
  },
  "Rows" : 25,
  "Ansi 11 Color" : {
    "Green Component" : 0.81913775205612183,
    "Blue Component" : 0.31353288888931274,
    "Red Component" : 0.81679880619049072
  },
  "Use Italic Font" : true,
  "Foreground Color" : {
    "Green Component" : 0.85797154903411865,
    "Blue Component" : 0.71936088800430298,
    "Red Component" : 0.87773138284683228
  },
  "Right Option Key Sends" : 2,
  "Character Encoding" : 4,
  "Selection Color" : {
    "Green Component" : 0.23570387065410614,
    "Blue Component" : 0.15426947176456451,
    "Red Component" : 0.33870631456375122
  },
  "Blend" : 0.33981741860274867,
  "Mouse Reporting" : true,
  "Cursor Boost" : 0.092314877441628307,
  "Ansi 4 Color" : {
    "Green Component" : 0.52710437774658203,
    "Blue Component" : 0.67741340398788452,
    "Red Component" : 0.35345837473869324
  },
  "Non-ASCII Anti Aliased" : true,
  "Sync Title" : false,
  "Disable Window Resizing" : true,
  "Description" : "Default",
  "Close Sessions On End" : true,
  "Jobs to Ignore" : [
    "rlogin",
    "ssh",
    "slogin",
    "telnet"
  ],
  "Non-ASCII Ligatures" : true,
  "Scrollback Lines" : 50000,
  "Draw Powerline Glyphs" : true,
  "Flashing Bell" : true,
  "Cursor Guide Color" : {
    "Red Component" : 0.70214027166366577,
    "Color Space" : "sRGB",
    "Blue Component" : 1,
    "Alpha Component" : 0.25,
    "Green Component" : 0.92681378126144409
  },
  "BM Growl" : true,
  "Ansi 3 Color" : {
    "Green Component" : 0.61460262537002563,
    "Blue Component" : 0.16459846496582031,
    "Red Component" : 0.91524028778076172
  },
  "Icon" : 1,
  "Use Non-ASCII Font" : true,
  "Link Color" : {
    "Red Component" : 0,
    "Color Space" : "sRGB",
    "Blue Component" : 0.73422712087631226,
    "Alpha Component" : 1,
    "Green Component" : 0.35915297269821167
  },
  "Shortcut" : "",
  "Background Image Location" : "",
  "Bold Color" : {
    "Green Component" : 0.97382241487503052,
    "Blue Component" : 0.84511500597000122,
    "Red Component" : 0.99951791763305664
  },
  "Unlimited Scrollback" : false,
  "Custom Command" : "No",
  "Keyboard Map" : {
    "0xf700-0x260000" : {
      "Text" : "[1;6A",
      "Action" : 10
    },
    "0x37-0x40000" : {
      "Text" : "0x1f",
      "Action" : 11
    },
    "0x32-0x40000" : {
      "Text" : "0x00",
      "Action" : 11
    },
    "0xf709-0x20000" : {
      "Text" : "[17;2~",
      "Action" : 10
    },
    "0xf70c-0x20000" : {
      "Text" : "[20;2~",
      "Action" : 10
    },
    "0xf729-0x20000" : {
      "Text" : "[1;2H",
      "Action" : 10
    },
    "0xf72b-0x40000" : {
      "Text" : "[1;5F",
      "Action" : 10
    },
    "0xf705-0x20000" : {
      "Text" : "[1;2Q",
      "Action" : 10
    },
    "0xf703-0x260000" : {
      "Text" : "[1;6C",
      "Action" : 10
    },
    "0xf700-0x220000" : {
      "Text" : "[1;2A",
      "Action" : 10
    },
    "0xf701-0x280000" : {
      "Text" : "0x1b 0x1b 0x5b 0x42",
      "Action" : 11
    },
    "0x38-0x40000" : {
      "Text" : "0x7f",
      "Action" : 11
    },
    "0x33-0x40000" : {
      "Text" : "0x1b",
      "Action" : 11
    },
    "0xf703-0x220000" : {
      "Text" : "[1;2C",
      "Action" : 10
    },
    "0xf701-0x240000" : {
      "Text" : "[1;5B",
      "Action" : 10
    },
    "0xf70d-0x20000" : {
      "Text" : "[21;2~",
      "Action" : 10
    },
    "0xf702-0x260000" : {
      "Text" : "[1;6D",
      "Action" : 10
    },
    "0xf729-0x40000" : {
      "Text" : "[1;5H",
      "Action" : 10
    },
    "0xf706-0x20000" : {
      "Text" : "[1;2R",
      "Action" : 10
    },
    "0x34-0x40000" : {
      "Text" : "0x1c",
      "Action" : 11
    },
    "0xf700-0x280000" : {
      "Text" : "0x1b 0x1b 0x5b 0x41",
      "Action" : 11
    },
    "0x2d-0x40000" : {
      "Text" : "0x1f",
      "Action" : 11
    },
    "0xf70e-0x20000" : {
      "Text" : "[23;2~",
      "Action" : 10
    },
    "0xf702-0x220000" : {
      "Text" : "[1;2D",
      "Action" : 10
    },
    "0xf703-0x280000" : {
      "Action" : 10,
      "Text" : "f"
    },
    "0xf700-0x240000" : {
      "Text" : "[1;5A",
      "Action" : 10
    },
    "0xf707-0x20000" : {
      "Text" : "[1;2S",
      "Action" : 10
    },
    "0xf70a-0x20000" : {
      "Text" : "[18;2~",
      "Action" : 10
    },
    "0x35-0x40000" : {
      "Text" : "0x1d",
      "Action" : 11
    },
    "0xf70f-0x20000" : {
      "Text" : "[24;2~",
      "Action" : 10
    },
    "0xf703-0x240000" : {
      "Text" : "[1;5C",
      "Action" : 10
    },
    "0xf701-0x260000" : {
      "Text" : "[1;6B",
      "Action" : 10
    },
    "0xf702-0x280000" : {
      "Action" : 10,
      "Text" : "b"
    },
    "0xf72b-0x20000" : {
      "Text" : "[1;2F",
      "Action" : 10
    },
    "0x36-0x40000" : {
      "Text" : "0x1e",
      "Action" : 11
    },
    "0xf708-0x20000" : {
      "Text" : "[15;2~",
      "Action" : 10
    },
    "0xf701-0x220000" : {
      "Text" : "[1;2B",
      "Action" : 10
    },
    "0xf70b-0x20000" : {
      "Text" : "[19;2~",
      "Action" : 10
    },
    "0xf702-0x240000" : {
      "Text" : "[1;5D",
      "Action" : 10
    },
    "0xf704-0x20000" : {
      "Text" : "[1;2P",
      "Action" : 10
    }
  },
  "Ansi 14 Color" : {
    "Green Component" : 0.81165879964828491,
    "Blue Component" : 0.84148848056793213,
    "Red Component" : 0.5747484564781189
  },
  "Ansi 2 Color" : {
    "Green Component" : 0.63089627027511597,
    "Blue Component" : 0.54230403900146484,
    "Red Component" : 0.42121317982673645
  },
  "Send Code When Idle" : false,
  "ASCII Anti Aliased" : true,
  "Tags" : [

  ],
  "Ansi 9 Color" : {
    "Green Component" : 0.27362823486328125,
    "Blue Component" : 0.15134860575199127,
    "Red Component" : 0.91030007600784302
  },
  "Use Bold Font" : true,
  "Silence Bell" : true,
  "Ansi 12 Color" : {
    "Green Component" : 0.82760012149810791,
    "Blue Component" : 0.93095844984054565,
    "Red Component" : 0.7224687933921814
  },
  "Window Type" : 0,
  "Use Bright Bold" : true,
  "Has Hotkey" : false,
  "Cursor Text Color" : {
    "Green Component" : 0.23939560353755951,
    "Blue Component" : 0.14815604686737061,
    "Red Component" : 0.34250012040138245
  },
  "Default Bookmark" : "No",
  "Cursor Color" : {
    "Green Component" : 0.23939560353755951,
    "Blue Component" : 0.14815604686737061,
    "Red Component" : 0.34250012040138245
  },
  "Ansi 1 Color" : {
    "Green Component" : 0.17691341042518616,
    "Blue Component" : 0.15002942085266113,
    "Red Component" : 0.74596774578094482
  },
  "Name" : "newalexandria",
  "Blinking Cursor" : false,
  "Guid" : "BFDF9C63-74E0-4D85-A0DE-E2B40E225AFA",
  "Idle Code" : 0,
  "Ansi 10 Color" : {
    "Green Component" : 0.84610497951507568,
    "Blue Component" : 0.72976309061050415,
    "Red Component" : 0.58333438634872437
  },
  "Ansi 8 Color" : {
    "Green Component" : 0.42290288209915161,
    "Blue Component" : 0.28995892405509949,
    "Red Component" : 0.60647803544998169
  },
  "Badge Color" : {
    "Red Component" : 1,
    "Color Space" : "sRGB",
    "Blue Component" : 0,
    "Alpha Component" : 0.5,
    "Green Component" : 0.14910027384757996
  },
  "Ambiguous Double Width" : false,
  "Ansi 0 Color" : {
    "Green Component" : 0.23939560353755951,
    "Blue Component" : 0.14815604686737061,
    "Red Component" : 0.34250012040138245
  },
  "Session Close Undo Timeout" : 15,
  "Blur" : false,
  "Normal Font" : "FiraCodeNerdFontCompleteM-Retina 11",
  "Vertical Spacing" : 1,
  "Ansi 7 Color" : {
    "Green Component" : 0.85797154903411865,
    "Blue Component" : 0.71936088800430298,
    "Red Component" : 0.87773138284683228
  },
  "Command" : "",
  "Terminal Type" : "xterm-256color",
  "Horizontal Spacing" : 1,